ImageURL,Description,Country,Weather,Time of Day,Season,Activity,Mood/Emotion
https://drive.google.com/file/d/1-YIfWr6_eykApZ0Q7FlYh8k6o2YOi58B/view?usp=drive_link,"""is one of the most magical places in Tunisia, known for its stunning blue-and-white architecture that makes every street feel like a postcard. Perched on a hill overlooking the Mediterranean Sea, the village is full of narrow cobblestone paths, bright blue doors and windows, and whitewashed walls that glow under the sun. This unique color theme was inspired by Andalusian design and later preserved by artists and locals who wanted to protect the village’s charm.
What makes Sidi Bou Saďd truly amazing is the atmosphere: a mix of calm seaside views, artistic cafés, local crafts, and a gentle breeze from the sea.""",Tunisia,Sunny,Morning,Summer,Sightseeing,Romance
https://drive.google.com/file/d/18Wig978cr_48YZ-CWWpdStfnCvXZcnPh/view?usp=drive_link,"""located in Phang Nga Bay near Phuket, is one of Thailand’s most iconic natural landmarks. The moment you arrive, you’re greeted by towering limestone cliffs rising straight out of emerald-green waters—an otherworldly sight that feels almost unreal. The island became world-famous after appearing in the James Bond movie The Man with the Golden Gun, but its beauty goes far beyond the film.
What makes this place truly incredible is its dramatic scenery: vertical rock formations, hidden lagoons, peaceful mangroves, and the way the sea sparkles around the cliffs. The contrast between the limestone pillars and the calm water creates a sense of adventure and calm at the same time. If you’ve been there, you already know how breathtaking it feels to stand in front of those massive rocks—it’s a place that stays in your memory long after you leave, full of natural wonder, Thai charm, and cinematic magic.""",Thailand,Sunny,Morning,Summer,Hiking,Adventure
https://drive.google.com/file/d/1yDfrc27if4SlHgjwRGoG1eqbHAZ957az/view?usp=drive_link,"""one of Switzerland’s most beautiful and peaceful destinations, known for its perfect blend of Swiss elegance and Mediterranean charm. Set along the shores of Lake Lugano and surrounded by green mountains, the city feels like a postcard come to life. Its calm blue waters, clean streets, and colorful architecture create an atmosphere that is both relaxing and full of life.
What makes Lugano truly special is how effortlessly nature and culture come together. You can stroll by the lake, explore cozy cafés, enjoy stunning mountain views, or wander through charming old streets—all in the same day. The warm, sunny climate adds to its beauty, making it feel almost like a little piece of Italy inside Switzerland. If you’ve visited Lugano, you already know how peaceful and breathtaking it is—a place where every view feels refreshing, and every moment feels calm and memorable.""",Switzerland,Sunny,Evening,Not Clear,Sightseeing,Nostalgia
https://drive.google.com/file/d/1ICX6SmHdKRFS_E5msMKRvWC9KChn4Ytz/view?usp=drive_link,"""one of the most charming and historic places in Switzerland, famous for its beautifully preserved medieval architecture and peaceful atmosphere. Built on a bend of the Aare River, the old town is full of stone arcades, red-roofed buildings, and narrow streets that make you feel like you’ve stepped back in time. The whole area is a UNESCO World Heritage Site, and when you walk through it, you immediately understand why.
What makes Bern’s Old City truly amazing is how it blends history with everyday life. You can explore ancient clock towers, fountains decorated with colorful statues, and traditional shops while still feeling the calm, relaxed pace of a modern Swiss city. The iconic Zytglogge clock tower, the Cathedral, and the beautiful river views give the city a magical charm. If you’ve been there, you already know how unforgettable it feels to walk under the arcades and enjoy the mix of culture, history, and Swiss beauty all around you.""",Switzerland,Cloudy,Evening,Winter,Sightseeing,Romance
https://drive.google.com/file/d/15BvSo06V4i2mVE_5WvtjBjb_U2HjAfbB/view?usp=drive_link,"""one of the most enchanting cities in the world, a place where every corner feels like a scene from a storybook. Built entirely on water, the city is famous for its winding canals, graceful bridges, and historic palaces that seem to float above the surface. With its gondolas gliding quietly through narrow waterways and centuries-old architecture reflecting on the water, Venice offers a magical atmosphere you won’t find anywhere else.
What makes Venice truly unforgettable is its unique rhythm—no cars, no rush, just the gentle sound of boats and the charm of getting lost in its maze-like streets. The city is full of beauty: St. Mark’s Square with its grand basilica, colorful hidden alleys, artisan shops, and romantic canals everywhere you look. If you’ve visited Venice, you already know how surreal it feels to walk through a city where water becomes part of everyday life. It’s a place where history, art, and pure charm come together to create an experience that stays with you forever.""",Italy,Sunny,Evening,Not Clear,Relaxing,Romance
https://drive.google.com/file/d/1AjJUGaikmqvYxmObUKm_3ETAnsWuhX4f/view?usp=drive_link,"""one of the most remarkable places in the world—small in size, but incredibly rich in history, art, and spiritual significance. As the heart of the Catholic Church, it holds centuries of culture within its walls. When you walk through its grand spaces, you’re surrounded by masterpieces created by some of the world’s greatest artists, from Michelangelo’s breathtaking Sistine Chapel ceiling to the towering beauty of St. Peter’s Basilica.
What makes Vatican City truly unforgettable is the feeling of awe it inspires. The atmosphere is peaceful and powerful at the same time, with architecture that leaves you speechless and artwork that tells stories from centuries past. Whether you’re exploring the museums, standing in the vast St. Peter’s Square, or simply admiring the intricate details around you, the Vatican has a unique way of making every moment feel meaningful. If you’ve been there, you already know how overwhelming and inspiring it is—a place where history, faith, and art come together unlike anywhere else on Earth.""",Italy,Cloudy,Morning,Fall,Sightseeing,Adventure
https://drive.google.com/file/d/1cHl3J_yqTLbjDSlddIEtzB43ZvDtDmom/view?usp=drive_link,"""known as Quartiere Coppedč—feels like stepping into a dream. Hidden away from the busy streets, this small neighborhood is filled with magical architecture that looks straight out of a fairytale. Designed by Gino Coppedč in the early 1900s, it mixes Gothic, Baroque, Art Nouveau, and even medieval styles, creating a world unlike anything else in Rome.
What makes the Fantasy District truly amazing is the way every building has its own personality. You’ll see ornate balconies, colorful mosaics, grand archways, and whimsical details everywhere you look. The famous Fountain of the Frogs sits at the heart of the area, adding to the district’s charming, storybook feel. Walking through these streets feels like exploring a movie set—mysterious, artistic, and full of surprises. If you’ve been there, you know how unforgettable it is: a peaceful corner of Rome where imagination and architecture come together beautifully.""",Italy,Sunny,Afternoon,Winter,Sightseeing,Nostalgia
https://drive.google.com/file/d/11orkXr3fa9C2sgnq1Ttb2YTK4eXKvi--/view?usp=drive_link,"""is one of the most breathtaking cathedrals in the world—a masterpiece that instantly captures your attention with its incredible detail and towering beauty. Covered in delicate spires, statues, and marble carvings, the cathedral looks almost like a sculpture rising toward the sky. Its Gothic architecture is both dramatic and elegant, making it the true heart of Milan.
What makes the Duomo especially unforgettable is the experience of standing in front of it. The square around it feels alive, and the cathedral’s massive size and shimmering white marble create a sense of awe. Inside, the tall pillars, stained-glass windows, and peaceful atmosphere offer a moment of calm and reflection. And if you’ve been to the rooftop, you know how magical it is—walking between the spires and seeing all of Milan from above feels like stepping into another world. The Duomo is not just a landmark; it’s a place that stays with you long after you leave.""",Italy,Sunny,Morning,Summer,Sightseeing,Adventure
https://drive.google.com/file/d/1nkpTMdTOyucqXX8yewyv3u2wzTcs9TY1/view?usp=drive_link,"""one of the most powerful historical landmarks in Europe, a place where the past feels close and real. Once a symbol of division between East and West Berlin, it now stands as a reminder of resilience, hope, and the importance of freedom. Walking along the remaining sections of the Wall, you can still see the marks of history, the stories told through murals, and the emotions expressed in the artwork.
What makes the Berlin Wall truly unforgettable is the contrast between what it once represented and what it symbolizes today. The East Side Gallery, with its colorful paintings and messages of unity, transforms the Wall into an open-air museum of peace and creativity. Visiting the site gives you a deep sense of reflection—you feel the weight of history, but also the strength of people who overcame it. If you’ve been there, you already know how impactful it is: a place where history becomes alive and meaningful, leaving you with a lasting sense of understanding and appreciation.""",Germany,Cloudy,Afternoon,Winter,Sightseeing,Melancholy
https://drive.google.com/file/d/14FekpZjlitIsmnF518IwKvynR9gLKEB5/view?usp=drive_link,"""one of the most stunning and lively beaches in Cyprus, famous for its crystal-clear turquoise water and soft white sand. The moment you arrive, the whole place feels like a tropical painting—the sea is bright and transparent, the beach stretches wide and clean, and the sunlight gives everything a beautiful glow. With its shallow, calm water, it’s the perfect spot to swim, relax, or just enjoy the incredible views.
What makes Nissi Beach truly amazing is its energy. It’s a place where the atmosphere is both fun and peaceful at the same time. You can walk across the sandbar to the small island offshore, enjoy music and beach activities, or simply sit back and take in the beauty around you. If you’ve visited it before, you already know that Nissi Beach has a special vibe—you feel refreshed, happy, and connected to the sea from the moment you step onto the sand. It’s a place that stays in your memory long after you leave.""",Cyprus,Sunny,Morning,Summer,Relaxing,Happiness
